{"v":"5.9.0","fr":30,"ip":0,"op":120,"w":220,"h":198,"nm":"Grass","ddd":0,"assets":[],"layers":[{"ddd":0,"ind":1,"ty":4,"nm":"Grass Outlines","sr":1,"ks":{"o":{"a":0,"k":100,"ix":11},"r":{"a":0,"k":0,"ix":10},"p":{"a":0,"k":[109,107,0],"ix":2,"l":2},"a":{"a":0,"k":[100.5,92,0],"ix":1,"l":2},"s":{"a":0,"k":[100,100,100],"ix":6,"l":2}},"ao":0,"shapes":[{"ty":"gr","it":[{"ind":0,"ty":"sh","ix":1,"ks":{"a":1,"k":[{"i":{"x":0.667,"y":1},"o":{"x":0.333,"y":0},"t":0,"s":[{"i":[[-2.262,-32.234],[0,0],[0,6.786]],"o":[[0,0],[20.359,-52.028],[31.104,43.545]],"v":[[6.503,57.4],[-9.332,57.4],[-15.552,-57.4]],"c":true}]},{"i":{"x":0.667,"y":1},"o":{"x":0.333,"y":0},"t":15,"s":[{"i":[[-2.262,-32.234],[0,0],[0,6.786]],"o":[[0,0],[15.393,-50.5],[35.113,41.05]],"v":[[6.503,57.4],[-9.332,57.4],[-21.552,-52.4]],"c":true}]},{"i":{"x":0.667,"y":1},"o":{"x":0.333,"y":0},"t":30,"s":[{"i":[[-2.262,-32.234],[0,0],[0,6.786]],"o":[[0,0],[20.359,-52.028],[31.104,43.545]],"v":[[6.503,57.4],[-9.332,57.4],[-15.552,-57.4]],"c":true}]},{"i":{"x":0.667,"y":1},"o":{"x":0.333,"y":0},"t":45,"s":[{"i":[[-2.262,-32.234],[0,0],[0,6.786]],"o":[[0,0],[15.393,-50.5],[35.113,41.05]],"v":[[6.503,57.4],[-9.332,57.4],[-21.552,-52.4]],"c":true}]},{"i":{"x":0.667,"y":1},"o":{"x":0.333,"y":0},"t":60,"s":[{"i":[[-2.262,-32.234],[0,0],[0,6.786]],"o":[[0,0],[20.359,-52.028],[31.104,43.545]],"v":[[6.503,57.4],[-9.332,57.4],[-15.552,-57.4]],"c":true}]},{"i":{"x":0.667,"y":1},"o":{"x":0.333,"y":0},"t":75,"s":[{"i":[[-2.262,-32.234],[0,0],[0,6.786]],"o":[[0,0],[15.393,-50.5],[35.113,41.05]],"v":[[6.503,57.4],[-9.332,57.4],[-21.552,-52.4]],"c":true}]},{"i":{"x":0.667,"y":1},"o":{"x":0.333,"y":0},"t":90,"s":[{"i":[[-2.262,-32.234],[0,0],[0,6.786]],"o":[[0,0],[20.359,-52.028],[31.104,43.545]],"v":[[6.503,57.4],[-9.332,57.4],[-15.552,-57.4]],"c":true}]},{"i":{"x":0.667,"y":1},"o":{"x":0.333,"y":0},"t":105,"s":[{"i":[[-2.262,-32.234],[0,0],[0,6.786]],"o":[[0,0],[15.393,-50.5],[35.113,41.05]],"v":[[6.503,57.4],[-9.332,57.4],[-21.552,-52.4]],"c":true}]},{"t":120,"s":[{"i":[[-2.262,-32.234],[0,0],[0,6.786]],"o":[[0,0],[20.359,-52.028],[31.104,43.545]],"v":[[6.503,57.4],[-9.332,57.4],[-15.552,-57.4]],"c":true}]}],"ix":2},"nm":"Path 1","mn":"ADBE Vector Shape - Group","hd":false},{"ty":"fl","c":{"a":0,"k":[0.117647066303,0.556862745098,0.298039215686,1],"ix":4},"o":{"a":0,"k":100,"ix":5},"r":1,"bm":0,"nm":"Fill 1","mn":"ADBE Vector Graphic - Fill","hd":false},{"ty":"tr","p":{"a":0,"k":[152.189,126.1],"ix":2},"a":{"a":0,"k":[0,0],"ix":1},"s":{"a":0,"k":[100,100],"ix":3},"r":{"a":0,"k":0,"ix":6},"o":{"a":0,"k":100,"ix":7},"sk":{"a":0,"k":0,"ix":4},"sa":{"a":0,"k":0,"ix":5},"nm":"Transform"}],"nm":"Group 1","np":2,"cix":2,"bm":0,"ix":1,"mn":"ADBE Vector Group","hd":false},{"ty":"gr","it":[{"ind":0,"ty":"sh","ix":1,"ks":{"a":1,"k":[{"i":{"x":0.667,"y":1},"o":{"x":0.333,"y":0},"t":0,"s":[{"i":[[-7.917,-32.235],[0,0],[0,6.786]],"o":[[0,0],[-6.787,-98.966],[33.366,19.227]],"v":[[19.793,55.138],[3.959,55.138],[-19.793,-55.138]],"c":true}]},{"i":{"x":0.667,"y":1},"o":{"x":0.333,"y":0},"t":15,"s":[{"i":[[-7.917,-32.235],[0,0],[0,6.786]],"o":[[0,0],[-6.787,-98.966],[33.366,19.227]],"v":[[19.793,55.138],[3.959,55.138],[-25.543,-53.138]],"c":true}]},{"i":{"x":0.667,"y":1},"o":{"x":0.333,"y":0},"t":30,"s":[{"i":[[-7.917,-32.235],[0,0],[0,6.786]],"o":[[0,0],[-6.787,-98.966],[33.366,19.227]],"v":[[19.793,55.138],[3.959,55.138],[-19.793,-55.138]],"c":true}]},{"i":{"x":0.667,"y":1},"o":{"x":0.333,"y":0},"t":45,"s":[{"i":[[-7.917,-32.235],[0,0],[0,6.786]],"o":[[0,0],[-6.787,-98.966],[33.366,19.227]],"v":[[19.793,55.138],[3.959,55.138],[-25.543,-53.138]],"c":true}]},{"i":{"x":0.667,"y":1},"o":{"x":0.333,"y":0},"t":60,"s":[{"i":[[-7.917,-32.235],[0,0],[0,6.786]],"o":[[0,0],[-6.787,-98.966],[33.366,19.227]],"v":[[19.793,55.138],[3.959,55.138],[-19.793,-55.138]],"c":true}]},{"i":{"x":0.667,"y":1},"o":{"x":0.333,"y":0},"t":75,"s":[{"i":[[-7.917,-32.235],[0,0],[0,6.786]],"o":[[0,0],[-6.787,-98.966],[33.366,19.227]],"v":[[19.793,55.138],[3.959,55.138],[-25.543,-53.138]],"c":true}]},{"i":{"x":0.667,"y":1},"o":{"x":0.333,"y":0},"t":90,"s":[{"i":[[-7.917,-32.235],[0,0],[0,6.786]],"o":[[0,0],[-6.787,-98.966],[33.366,19.227]],"v":[[19.793,55.138],[3.959,55.138],[-19.793,-55.138]],"c":true}]},{"i":{"x":0.667,"y":1},"o":{"x":0.333,"y":0},"t":105,"s":[{"i":[[-7.917,-32.235],[0,0],[0,6.786]],"o":[[0,0],[-6.787,-98.966],[33.366,19.227]],"v":[[19.793,55.138],[3.959,55.138],[-25.543,-53.138]],"c":true}]},{"t":120,"s":[{"i":[[-7.917,-32.235],[0,0],[0,6.786]],"o":[[0,0],[-6.787,-98.966],[33.366,19.227]],"v":[[19.793,55.138],[3.959,55.138],[-19.793,-55.138]],"c":true}]}],"ix":2},"nm":"Path 1","mn":"ADBE Vector Shape - Group","hd":false},{"ty":"fl","c":{"a":0,"k":[0.117647066303,0.556862745098,0.298039215686,1],"ix":4},"o":{"a":0,"k":100,"ix":5},"r":1,"bm":0,"nm":"Fill 1","mn":"ADBE Vector Graphic - Fill","hd":false},{"ty":"tr","p":{"a":0,"k":[126.458,128.362],"ix":2},"a":{"a":0,"k":[0,0],"ix":1},"s":{"a":0,"k":[100,100],"ix":3},"r":{"a":0,"k":0,"ix":6},"o":{"a":0,"k":100,"ix":7},"sk":{"a":0,"k":0,"ix":4},"sa":{"a":0,"k":0,"ix":5},"nm":"Transform"}],"nm":"Group 2","np":2,"cix":2,"bm":0,"ix":2,"mn":"ADBE Vector Group","hd":false},{"ty":"gr","it":[{"ind":0,"ty":"sh","ix":1,"ks":{"a":1,"k":[{"i":{"x":0.667,"y":1},"o":{"x":0.333,"y":0},"t":0,"s":[{"i":[[7.833,-18.391],[0,0],[1.964,0]],"o":[[0,0],[11.223,-43.104],[-35.628,3.393]],"v":[[-27.375,26.579],[-17.554,26.579],[26.916,-26.579]],"c":true}]},{"i":{"x":0.667,"y":1},"o":{"x":0.333,"y":0},"t":15,"s":[{"i":[[7.833,-18.391],[0,0],[1.964,0]],"o":[[0,0],[16.679,-39],[-35.628,3.393]],"v":[[-27.375,26.579],[-17.554,26.579],[27.666,-21.829]],"c":true}]},{"i":{"x":0.667,"y":1},"o":{"x":0.333,"y":0},"t":30,"s":[{"i":[[7.833,-18.391],[0,0],[1.964,0]],"o":[[0,0],[11.223,-43.104],[-35.628,3.393]],"v":[[-27.375,26.579],[-17.554,26.579],[26.916,-26.579]],"c":true}]},{"i":{"x":0.667,"y":1},"o":{"x":0.333,"y":0},"t":45,"s":[{"i":[[7.833,-18.391],[0,0],[1.964,0]],"o":[[0,0],[16.679,-39],[-35.628,3.393]],"v":[[-27.375,26.579],[-17.554,26.579],[27.666,-21.829]],"c":true}]},{"i":{"x":0.667,"y":1},"o":{"x":0.333,"y":0},"t":60,"s":[{"i":[[7.833,-18.391],[0,0],[1.964,0]],"o":[[0,0],[11.223,-43.104],[-35.628,3.393]],"v":[[-27.375,26.579],[-17.554,26.579],[26.916,-26.579]],"c":true}]},{"i":{"x":0.667,"y":1},"o":{"x":0.333,"y":0},"t":75,"s":[{"i":[[7.833,-18.391],[0,0],[1.964,0]],"o":[[0,0],[16.679,-39],[-35.628,3.393]],"v":[[-27.375,26.579],[-17.554,26.579],[27.666,-21.829]],"c":true}]},{"i":{"x":0.667,"y":1},"o":{"x":0.333,"y":0},"t":90,"s":[{"i":[[7.833,-18.391],[0,0],[1.964,0]],"o":[[0,0],[11.223,-43.104],[-35.628,3.393]],"v":[[-27.375,26.579],[-17.554,26.579],[26.916,-26.579]],"c":true}]},{"i":{"x":0.667,"y":1},"o":{"x":0.333,"y":0},"t":105,"s":[{"i":[[7.833,-18.391],[0,0],[1.964,0]],"o":[[0,0],[16.679,-39],[-35.628,3.393]],"v":[[-27.375,26.579],[-17.554,26.579],[27.666,-21.829]],"c":true}]},{"t":120,"s":[{"i":[[7.833,-18.391],[0,0],[1.964,0]],"o":[[0,0],[11.223,-43.104],[-35.628,3.393]],"v":[[-27.375,26.579],[-17.554,26.579],[26.916,-26.579]],"c":true}]}],"ix":2},"nm":"Path 1","mn":"ADBE Vector Shape - Group","hd":false},{"ty":"fl","c":{"a":0,"k":[0.117647066303,0.556862745098,0.298039215686,1],"ix":4},"o":{"a":0,"k":100,"ix":5},"r":1,"bm":0,"nm":"Fill 1","mn":"ADBE Vector Graphic - Fill","hd":false},{"ty":"tr","p":{"a":0,"k":[173.625,156.921],"ix":2},"a":{"a":0,"k":[0,0],"ix":1},"s":{"a":0,"k":[100,100],"ix":3},"r":{"a":0,"k":0,"ix":6},"o":{"a":0,"k":100,"ix":7},"sk":{"a":0,"k":0,"ix":4},"sa":{"a":0,"k":0,"ix":5},"nm":"Transform"}],"nm":"Group 3","np":4,"cix":2,"bm":0,"ix":3,"mn":"ADBE Vector Group","hd":false},{"ty":"gr","it":[{"ind":0,"ty":"sh","ix":1,"ks":{"a":1,"k":[{"i":{"x":0.667,"y":1},"o":{"x":0.333,"y":0},"t":0,"s":[{"i":[[12.629,-30.161],[0,0],[3.167,0]],"o":[[0,0],[18.097,-70.69],[-17.645,1.81]],"v":[[-31.556,46.372],[-15.722,46.372],[28.389,-46.373]],"c":true}]},{"i":{"x":0.667,"y":1},"o":{"x":0.333,"y":0},"t":15,"s":[{"i":[[12.629,-30.161],[0,0],[3.167,0]],"o":[[0,0],[18.097,-70.69],[-17.645,1.81]],"v":[[-31.556,46.372],[-15.722,46.372],[22.639,-49.373]],"c":true}]},{"i":{"x":0.667,"y":1},"o":{"x":0.333,"y":0},"t":30,"s":[{"i":[[12.629,-30.161],[0,0],[3.167,0]],"o":[[0,0],[18.097,-70.69],[-17.645,1.81]],"v":[[-31.556,46.372],[-15.722,46.372],[28.389,-46.373]],"c":true}]},{"i":{"x":0.667,"y":1},"o":{"x":0.333,"y":0},"t":45,"s":[{"i":[[12.629,-30.161],[0,0],[3.167,0]],"o":[[0,0],[18.097,-70.69],[-17.645,1.81]],"v":[[-31.556,46.372],[-15.722,46.372],[22.639,-49.373]],"c":true}]},{"i":{"x":0.667,"y":1},"o":{"x":0.333,"y":0},"t":60,"s":[{"i":[[12.629,-30.161],[0,0],[3.167,0]],"o":[[0,0],[18.097,-70.69],[-17.645,1.81]],"v":[[-31.556,46.372],[-15.722,46.372],[28.389,-46.373]],"c":true}]},{"i":{"x":0.667,"y":1},"o":{"x":0.333,"y":0},"t":75,"s":[{"i":[[12.629,-30.161],[0,0],[3.167,0]],"o":[[0,0],[18.097,-70.69],[-17.645,1.81]],"v":[[-31.556,46.372],[-15.722,46.372],[22.639,-49.373]],"c":true}]},{"i":{"x":0.667,"y":1},"o":{"x":0.333,"y":0},"t":90,"s":[{"i":[[12.629,-30.161],[0,0],[3.167,0]],"o":[[0,0],[18.097,-70.69],[-17.645,1.81]],"v":[[-31.556,46.372],[-15.722,46.372],[28.389,-46.373]],"c":true}]},{"i":{"x":0.667,"y":1},"o":{"x":0.333,"y":0},"t":105,"s":[{"i":[[12.629,-30.161],[0,0],[3.167,0]],"o":[[0,0],[18.097,-70.69],[-17.645,1.81]],"v":[[-31.556,46.372],[-15.722,46.372],[22.639,-49.373]],"c":true}]},{"t":120,"s":[{"i":[[12.629,-30.161],[0,0],[3.167,0]],"o":[[0,0],[18.097,-70.69],[-17.645,1.81]],"v":[[-31.556,46.372],[-15.722,46.372],[28.389,-46.373]],"c":true}]}],"ix":2},"nm":"Path 1","mn":"ADBE Vector Shape - Group","hd":false},{"ty":"fl","c":{"a":0,"k":[0.117647066303,0.556862745098,0.298039215686,1],"ix":4},"o":{"a":0,"k":100,"ix":5},"r":1,"bm":0,"nm":"Fill 1","mn":"ADBE Vector Graphic - Fill","hd":false},{"ty":"tr","p":{"a":0,"k":[159.685,136.562],"ix":2},"a":{"a":0,"k":[0,0],"ix":1},"s":{"a":0,"k":[100,100],"ix":3},"r":{"a":0,"k":0,"ix":6},"o":{"a":0,"k":100,"ix":7},"sk":{"a":0,"k":0,"ix":4},"sa":{"a":0,"k":0,"ix":5},"nm":"Transform"}],"nm":"Group 4","np":2,"cix":2,"bm":0,"ix":4,"mn":"ADBE Vector Group","hd":false},{"ty":"gr","it":[{"ind":0,"ty":"sh","ix":1,"ks":{"a":1,"k":[{"i":{"x":0.667,"y":1},"o":{"x":0.333,"y":0},"t":0,"s":[{"i":[[-2.262,-32.234],[0,0],[0,6.786]],"o":[[0,0],[20.359,-52.028],[31.104,43.545]],"v":[[6.504,57.4],[-9.331,57.4],[-15.552,-57.4]],"c":true}]},{"i":{"x":0.667,"y":1},"o":{"x":0.333,"y":0},"t":15,"s":[{"i":[[-2.262,-32.234],[0,0],[0,6.786]],"o":[[0,0],[20.359,-52.028],[31.104,43.545]],"v":[[6.504,57.4],[-9.331,57.4],[-12.302,-59.15]],"c":true}]},{"i":{"x":0.667,"y":1},"o":{"x":0.333,"y":0},"t":30,"s":[{"i":[[-2.262,-32.234],[0,0],[0,6.786]],"o":[[0,0],[20.359,-52.028],[31.104,43.545]],"v":[[6.504,57.4],[-9.331,57.4],[-15.552,-57.4]],"c":true}]},{"i":{"x":0.667,"y":1},"o":{"x":0.333,"y":0},"t":45,"s":[{"i":[[-2.262,-32.234],[0,0],[0,6.786]],"o":[[0,0],[20.359,-52.028],[31.104,43.545]],"v":[[6.504,57.4],[-9.331,57.4],[-12.302,-59.15]],"c":true}]},{"i":{"x":0.667,"y":1},"o":{"x":0.333,"y":0},"t":60,"s":[{"i":[[-2.262,-32.234],[0,0],[0,6.786]],"o":[[0,0],[20.359,-52.028],[31.104,43.545]],"v":[[6.504,57.4],[-9.331,57.4],[-15.552,-57.4]],"c":true}]},{"i":{"x":0.667,"y":1},"o":{"x":0.333,"y":0},"t":75,"s":[{"i":[[-2.262,-32.234],[0,0],[0,6.786]],"o":[[0,0],[20.359,-52.028],[31.104,43.545]],"v":[[6.504,57.4],[-9.331,57.4],[-12.302,-59.15]],"c":true}]},{"i":{"x":0.667,"y":1},"o":{"x":0.333,"y":0},"t":90,"s":[{"i":[[-2.262,-32.234],[0,0],[0,6.786]],"o":[[0,0],[20.359,-52.028],[31.104,43.545]],"v":[[6.504,57.4],[-9.331,57.4],[-15.552,-57.4]],"c":true}]},{"i":{"x":0.667,"y":1},"o":{"x":0.333,"y":0},"t":105,"s":[{"i":[[-2.262,-32.234],[0,0],[0,6.786]],"o":[[0,0],[20.359,-52.028],[31.104,43.545]],"v":[[6.504,57.4],[-9.331,57.4],[-12.302,-59.15]],"c":true}]},{"t":120,"s":[{"i":[[-2.262,-32.234],[0,0],[0,6.786]],"o":[[0,0],[20.359,-52.028],[31.104,43.545]],"v":[[6.504,57.4],[-9.331,57.4],[-15.552,-57.4]],"c":true}]}],"ix":2},"nm":"Path 1","mn":"ADBE Vector Shape - Group","hd":false},{"ty":"fl","c":{"a":0,"k":[0.117647066303,0.556862745098,0.298039215686,1],"ix":4},"o":{"a":0,"k":100,"ix":5},"r":1,"bm":0,"nm":"Fill 1","mn":"ADBE Vector Graphic - Fill","hd":false},{"ty":"tr","p":{"a":0,"k":[132.302,126.1],"ix":2},"a":{"a":0,"k":[0,0],"ix":1},"s":{"a":0,"k":[100,100],"ix":3},"r":{"a":0,"k":0,"ix":6},"o":{"a":0,"k":100,"ix":7},"sk":{"a":0,"k":0,"ix":4},"sa":{"a":0,"k":0,"ix":5},"nm":"Transform"}],"nm":"Group 5","np":2,"cix":2,"bm":0,"ix":5,"mn":"ADBE Vector Group","hd":false},{"ty":"gr","it":[{"ind":0,"ty":"sh","ix":1,"ks":{"a":1,"k":[{"i":{"x":0.667,"y":1},"o":{"x":0.333,"y":0},"t":0,"s":[{"i":[[-7.918,-32.235],[0,0],[0,6.786]],"o":[[0,0],[-6.787,-98.966],[33.366,19.227]],"v":[[19.794,55.138],[3.958,55.138],[-19.794,-55.138]],"c":true}]},{"i":{"x":0.667,"y":1},"o":{"x":0.333,"y":0},"t":15,"s":[{"i":[[-7.918,-32.235],[0,0],[0,6.786]],"o":[[0,0],[-6.787,-98.966],[33.366,19.227]],"v":[[19.794,55.138],[3.958,55.138],[-27.294,-52.138]],"c":true}]},{"i":{"x":0.667,"y":1},"o":{"x":0.333,"y":0},"t":30,"s":[{"i":[[-7.918,-32.235],[0,0],[0,6.786]],"o":[[0,0],[-6.787,-98.966],[33.366,19.227]],"v":[[19.794,55.138],[3.958,55.138],[-19.794,-55.138]],"c":true}]},{"i":{"x":0.667,"y":1},"o":{"x":0.333,"y":0},"t":45,"s":[{"i":[[-7.918,-32.235],[0,0],[0,6.786]],"o":[[0,0],[-6.787,-98.966],[33.366,19.227]],"v":[[19.794,55.138],[3.958,55.138],[-27.294,-52.138]],"c":true}]},{"i":{"x":0.667,"y":1},"o":{"x":0.333,"y":0},"t":60,"s":[{"i":[[-7.918,-32.235],[0,0],[0,6.786]],"o":[[0,0],[-6.787,-98.966],[33.366,19.227]],"v":[[19.794,55.138],[3.958,55.138],[-19.794,-55.138]],"c":true}]},{"i":{"x":0.667,"y":1},"o":{"x":0.333,"y":0},"t":75,"s":[{"i":[[-7.918,-32.235],[0,0],[0,6.786]],"o":[[0,0],[-6.787,-98.966],[33.366,19.227]],"v":[[19.794,55.138],[3.958,55.138],[-27.294,-52.138]],"c":true}]},{"i":{"x":0.667,"y":1},"o":{"x":0.333,"y":0},"t":90,"s":[{"i":[[-7.918,-32.235],[0,0],[0,6.786]],"o":[[0,0],[-6.787,-98.966],[33.366,19.227]],"v":[[19.794,55.138],[3.958,55.138],[-19.794,-55.138]],"c":true}]},{"i":{"x":0.667,"y":1},"o":{"x":0.333,"y":0},"t":105,"s":[{"i":[[-7.918,-32.235],[0,0],[0,6.786]],"o":[[0,0],[-6.787,-98.966],[33.366,19.227]],"v":[[19.794,55.138],[3.958,55.138],[-27.294,-52.138]],"c":true}]},{"t":120,"s":[{"i":[[-7.918,-32.235],[0,0],[0,6.786]],"o":[[0,0],[-6.787,-98.966],[33.366,19.227]],"v":[[19.794,55.138],[3.958,55.138],[-19.794,-55.138]],"c":true}]}],"ix":2},"nm":"Path 1","mn":"ADBE Vector Shape - Group","hd":false},{"ty":"fl","c":{"a":0,"k":[0.117647066303,0.556862745098,0.298039215686,1],"ix":4},"o":{"a":0,"k":100,"ix":5},"r":1,"bm":0,"nm":"Fill 1","mn":"ADBE Vector Graphic - Fill","hd":false},{"ty":"tr","p":{"a":0,"k":[106.571,128.362],"ix":2},"a":{"a":0,"k":[0,0],"ix":1},"s":{"a":0,"k":[100,100],"ix":3},"r":{"a":0,"k":0,"ix":6},"o":{"a":0,"k":100,"ix":7},"sk":{"a":0,"k":0,"ix":4},"sa":{"a":0,"k":0,"ix":5},"nm":"Transform"}],"nm":"Group 6","np":2,"cix":2,"bm":0,"ix":6,"mn":"ADBE Vector Group","hd":false},{"ty":"gr","it":[{"ind":0,"ty":"sh","ix":1,"ks":{"a":1,"k":[{"i":{"x":0.667,"y":1},"o":{"x":0.333,"y":0},"t":0,"s":[{"i":[[7.833,-18.391],[0,0],[1.964,0]],"o":[[0,0],[11.223,-43.104],[-35.628,3.393]],"v":[[-28.127,26.579],[-18.307,26.579],[26.163,-26.579]],"c":true}]},{"i":{"x":0.667,"y":1},"o":{"x":0.333,"y":0},"t":15,"s":[{"i":[[7.833,-18.391],[0,0],[1.964,0]],"o":[[0,0],[11.223,-43.104],[-35.628,3.393]],"v":[[-28.127,26.579],[-18.307,26.579],[23.663,-31.829]],"c":true}]},{"i":{"x":0.667,"y":1},"o":{"x":0.333,"y":0},"t":30,"s":[{"i":[[7.833,-18.391],[0,0],[1.964,0]],"o":[[0,0],[11.223,-43.104],[-35.628,3.393]],"v":[[-28.127,26.579],[-18.307,26.579],[26.163,-26.579]],"c":true}]},{"i":{"x":0.667,"y":1},"o":{"x":0.333,"y":0},"t":45,"s":[{"i":[[7.833,-18.391],[0,0],[1.964,0]],"o":[[0,0],[11.223,-43.104],[-35.628,3.393]],"v":[[-28.127,26.579],[-18.307,26.579],[23.663,-31.829]],"c":true}]},{"i":{"x":0.667,"y":1},"o":{"x":0.333,"y":0},"t":60,"s":[{"i":[[7.833,-18.391],[0,0],[1.964,0]],"o":[[0,0],[11.223,-43.104],[-35.628,3.393]],"v":[[-28.127,26.579],[-18.307,26.579],[26.163,-26.579]],"c":true}]},{"i":{"x":0.667,"y":1},"o":{"x":0.333,"y":0},"t":75,"s":[{"i":[[7.833,-18.391],[0,0],[1.964,0]],"o":[[0,0],[11.223,-43.104],[-35.628,3.393]],"v":[[-28.127,26.579],[-18.307,26.579],[23.663,-31.829]],"c":true}]},{"i":{"x":0.667,"y":1},"o":{"x":0.333,"y":0},"t":90,"s":[{"i":[[7.833,-18.391],[0,0],[1.964,0]],"o":[[0,0],[11.223,-43.104],[-35.628,3.393]],"v":[[-28.127,26.579],[-18.307,26.579],[26.163,-26.579]],"c":true}]},{"i":{"x":0.667,"y":1},"o":{"x":0.333,"y":0},"t":105,"s":[{"i":[[7.833,-18.391],[0,0],[1.964,0]],"o":[[0,0],[11.223,-43.104],[-35.628,3.393]],"v":[[-28.127,26.579],[-18.307,26.579],[23.663,-31.829]],"c":true}]},{"t":120,"s":[{"i":[[7.833,-18.391],[0,0],[1.964,0]],"o":[[0,0],[11.223,-43.104],[-35.628,3.393]],"v":[[-28.127,26.579],[-18.307,26.579],[26.163,-26.579]],"c":true}]}],"ix":2},"nm":"Path 1","mn":"ADBE Vector Shape - Group","hd":false},{"ty":"fl","c":{"a":0,"k":[0.117647066303,0.556862745098,0.298039215686,1],"ix":4},"o":{"a":0,"k":100,"ix":5},"r":1,"bm":0,"nm":"Fill 1","mn":"ADBE Vector Graphic - Fill","hd":false},{"ty":"tr","p":{"a":0,"k":[154.491,156.921],"ix":2},"a":{"a":0,"k":[0,0],"ix":1},"s":{"a":0,"k":[100,100],"ix":3},"r":{"a":0,"k":0,"ix":6},"o":{"a":0,"k":100,"ix":7},"sk":{"a":0,"k":0,"ix":4},"sa":{"a":0,"k":0,"ix":5},"nm":"Transform"}],"nm":"Group 7","np":2,"cix":2,"bm":0,"ix":7,"mn":"ADBE Vector Group","hd":false},{"ty":"gr","it":[{"ind":0,"ty":"sh","ix":1,"ks":{"a":1,"k":[{"i":{"x":0.667,"y":1},"o":{"x":0.333,"y":0},"t":0,"s":[{"i":[[12.63,-30.161],[0,0],[3.167,0]],"o":[[0,0],[18.097,-70.69],[-17.644,1.81]],"v":[[-31.556,46.372],[-15.722,46.372],[28.389,-46.373]],"c":true}]},{"i":{"x":0.667,"y":1},"o":{"x":0.333,"y":0},"t":15,"s":[{"i":[[12.63,-30.161],[0,0],[3.167,0]],"o":[[0,0],[18.097,-70.69],[-17.644,1.81]],"v":[[-31.556,46.372],[-15.722,46.372],[22.639,-50.123]],"c":true}]},{"i":{"x":0.667,"y":1},"o":{"x":0.333,"y":0},"t":30,"s":[{"i":[[12.63,-30.161],[0,0],[3.167,0]],"o":[[0,0],[18.097,-70.69],[-17.644,1.81]],"v":[[-31.556,46.372],[-15.722,46.372],[28.389,-46.373]],"c":true}]},{"i":{"x":0.667,"y":1},"o":{"x":0.333,"y":0},"t":45,"s":[{"i":[[12.63,-30.161],[0,0],[3.167,0]],"o":[[0,0],[18.097,-70.69],[-17.644,1.81]],"v":[[-31.556,46.372],[-15.722,46.372],[22.639,-50.123]],"c":true}]},{"i":{"x":0.667,"y":1},"o":{"x":0.333,"y":0},"t":60,"s":[{"i":[[12.63,-30.161],[0,0],[3.167,0]],"o":[[0,0],[18.097,-70.69],[-17.644,1.81]],"v":[[-31.556,46.372],[-15.722,46.372],[28.389,-46.373]],"c":true}]},{"i":{"x":0.667,"y":1},"o":{"x":0.333,"y":0},"t":75,"s":[{"i":[[12.63,-30.161],[0,0],[3.167,0]],"o":[[0,0],[18.097,-70.69],[-17.644,1.81]],"v":[[-31.556,46.372],[-15.722,46.372],[22.639,-50.123]],"c":true}]},{"i":{"x":0.667,"y":1},"o":{"x":0.333,"y":0},"t":90,"s":[{"i":[[12.63,-30.161],[0,0],[3.167,0]],"o":[[0,0],[18.097,-70.69],[-17.644,1.81]],"v":[[-31.556,46.372],[-15.722,46.372],[28.389,-46.373]],"c":true}]},{"i":{"x":0.667,"y":1},"o":{"x":0.333,"y":0},"t":105,"s":[{"i":[[12.63,-30.161],[0,0],[3.167,0]],"o":[[0,0],[18.097,-70.69],[-17.644,1.81]],"v":[[-31.556,46.372],[-15.722,46.372],[22.639,-50.123]],"c":true}]},{"t":120,"s":[{"i":[[12.63,-30.161],[0,0],[3.167,0]],"o":[[0,0],[18.097,-70.69],[-17.644,1.81]],"v":[[-31.556,46.372],[-15.722,46.372],[28.389,-46.373]],"c":true}]}],"ix":2},"nm":"Path 1","mn":"ADBE Vector Shape - Group","hd":false},{"ty":"fl","c":{"a":0,"k":[0.117647066303,0.556862745098,0.298039215686,1],"ix":4},"o":{"a":0,"k":100,"ix":5},"r":1,"bm":0,"nm":"Fill 1","mn":"ADBE Vector Graphic - Fill","hd":false},{"ty":"tr","p":{"a":0,"k":[139.798,136.562],"ix":2},"a":{"a":0,"k":[0,0],"ix":1},"s":{"a":0,"k":[100,100],"ix":3},"r":{"a":0,"k":0,"ix":6},"o":{"a":0,"k":100,"ix":7},"sk":{"a":0,"k":0,"ix":4},"sa":{"a":0,"k":0,"ix":5},"nm":"Transform"}],"nm":"Group 8","np":2,"cix":2,"bm":0,"ix":8,"mn":"ADBE Vector Group","hd":false},{"ty":"gr","it":[{"ind":0,"ty":"sh","ix":1,"ks":{"a":1,"k":[{"i":{"x":0.667,"y":1},"o":{"x":0.333,"y":0},"t":0,"s":[{"i":[[3.615,-51.525],[0,0],[0,10.847]],"o":[[0,0],[-32.542,-83.163],[-49.717,69.604]],"v":[[-10.395,91.75],[14.915,91.75],[24.859,-91.75]],"c":true}]},{"i":{"x":0.667,"y":1},"o":{"x":0.333,"y":0},"t":15,"s":[{"i":[[3.615,-51.525],[0,0],[0,10.847]],"o":[[0,0],[-32.542,-83.163],[-49.717,69.604]],"v":[[-10.395,91.75],[14.915,91.75],[31.109,-87.75]],"c":true}]},{"i":{"x":0.667,"y":1},"o":{"x":0.333,"y":0},"t":30,"s":[{"i":[[3.615,-51.525],[0,0],[0,10.847]],"o":[[0,0],[-32.542,-83.163],[-49.717,69.604]],"v":[[-10.395,91.75],[14.915,91.75],[24.859,-91.75]],"c":true}]},{"i":{"x":0.667,"y":1},"o":{"x":0.333,"y":0},"t":45,"s":[{"i":[[3.615,-51.525],[0,0],[0,10.847]],"o":[[0,0],[-32.542,-83.163],[-49.717,69.604]],"v":[[-10.395,91.75],[14.915,91.75],[31.109,-87.75]],"c":true}]},{"i":{"x":0.667,"y":1},"o":{"x":0.333,"y":0},"t":60,"s":[{"i":[[3.615,-51.525],[0,0],[0,10.847]],"o":[[0,0],[-32.542,-83.163],[-49.717,69.604]],"v":[[-10.395,91.75],[14.915,91.75],[24.859,-91.75]],"c":true}]},{"i":{"x":0.667,"y":1},"o":{"x":0.333,"y":0},"t":75,"s":[{"i":[[3.615,-51.525],[0,0],[0,10.847]],"o":[[0,0],[-32.542,-83.163],[-49.717,69.604]],"v":[[-10.395,91.75],[14.915,91.75],[31.109,-87.75]],"c":true}]},{"i":{"x":0.667,"y":1},"o":{"x":0.333,"y":0},"t":90,"s":[{"i":[[3.615,-51.525],[0,0],[0,10.847]],"o":[[0,0],[-32.542,-83.163],[-49.717,69.604]],"v":[[-10.395,91.75],[14.915,91.75],[24.859,-91.75]],"c":true}]},{"i":{"x":0.667,"y":1},"o":{"x":0.333,"y":0},"t":105,"s":[{"i":[[3.615,-51.525],[0,0],[0,10.847]],"o":[[0,0],[-32.542,-83.163],[-49.717,69.604]],"v":[[-10.395,91.75],[14.915,91.75],[31.109,-87.75]],"c":true}]},{"t":120,"s":[{"i":[[3.615,-51.525],[0,0],[0,10.847]],"o":[[0,0],[-32.542,-83.163],[-49.717,69.604]],"v":[[-10.395,91.75],[14.915,91.75],[24.859,-91.75]],"c":true}]}],"ix":2},"nm":"Path 1","mn":"ADBE Vector Shape - Group","hd":false},{"ty":"fl","c":{"a":0,"k":[0.117647066303,0.556862745098,0.298039215686,1],"ix":4},"o":{"a":0,"k":100,"ix":5},"r":1,"bm":0,"nm":"Fill 1","mn":"ADBE Vector Graphic - Fill","hd":false},{"ty":"tr","p":{"a":0,"k":[77.413,91.75],"ix":2},"a":{"a":0,"k":[0,0],"ix":1},"s":{"a":0,"k":[100,100],"ix":3},"r":{"a":0,"k":0,"ix":6},"o":{"a":0,"k":100,"ix":7},"sk":{"a":0,"k":0,"ix":4},"sa":{"a":0,"k":0,"ix":5},"nm":"Transform"}],"nm":"Group 9","np":2,"cix":2,"bm":0,"ix":9,"mn":"ADBE Vector Group","hd":false},{"ty":"gr","it":[{"ind":0,"ty":"sh","ix":1,"ks":{"a":1,"k":[{"i":{"x":0.667,"y":1},"o":{"x":0.333,"y":0},"t":0,"s":[{"i":[[12.655,-51.524],[0,0],[0,10.847]],"o":[[0,0],[10.848,-158.189],[-53.332,30.734]],"v":[[-31.638,88.134],[-6.328,88.134],[31.638,-88.134]],"c":true}]},{"i":{"x":0.667,"y":1},"o":{"x":0.333,"y":0},"t":15,"s":[{"i":[[12.655,-51.524],[0,0],[0,10.847]],"o":[[0,0],[10.848,-158.189],[-53.332,30.734]],"v":[[-31.638,88.134],[-6.328,88.134],[36.138,-85.384]],"c":true}]},{"i":{"x":0.667,"y":1},"o":{"x":0.333,"y":0},"t":30,"s":[{"i":[[12.655,-51.524],[0,0],[0,10.847]],"o":[[0,0],[10.848,-158.189],[-53.332,30.734]],"v":[[-31.638,88.134],[-6.328,88.134],[31.638,-88.134]],"c":true}]},{"i":{"x":0.667,"y":1},"o":{"x":0.333,"y":0},"t":45,"s":[{"i":[[12.655,-51.524],[0,0],[0,10.847]],"o":[[0,0],[10.848,-158.189],[-53.332,30.734]],"v":[[-31.638,88.134],[-6.328,88.134],[36.138,-85.384]],"c":true}]},{"i":{"x":0.667,"y":1},"o":{"x":0.333,"y":0},"t":60,"s":[{"i":[[12.655,-51.524],[0,0],[0,10.847]],"o":[[0,0],[10.848,-158.189],[-53.332,30.734]],"v":[[-31.638,88.134],[-6.328,88.134],[31.638,-88.134]],"c":true}]},{"i":{"x":0.667,"y":1},"o":{"x":0.333,"y":0},"t":75,"s":[{"i":[[12.655,-51.524],[0,0],[0,10.847]],"o":[[0,0],[10.848,-158.189],[-53.332,30.734]],"v":[[-31.638,88.134],[-6.328,88.134],[36.138,-85.384]],"c":true}]},{"i":{"x":0.667,"y":1},"o":{"x":0.333,"y":0},"t":90,"s":[{"i":[[12.655,-51.524],[0,0],[0,10.847]],"o":[[0,0],[10.848,-158.189],[-53.332,30.734]],"v":[[-31.638,88.134],[-6.328,88.134],[31.638,-88.134]],"c":true}]},{"i":{"x":0.667,"y":1},"o":{"x":0.333,"y":0},"t":105,"s":[{"i":[[12.655,-51.524],[0,0],[0,10.847]],"o":[[0,0],[10.848,-158.189],[-53.332,30.734]],"v":[[-31.638,88.134],[-6.328,88.134],[36.138,-85.384]],"c":true}]},{"t":120,"s":[{"i":[[12.655,-51.524],[0,0],[0,10.847]],"o":[[0,0],[10.848,-158.189],[-53.332,30.734]],"v":[[-31.638,88.134],[-6.328,88.134],[31.638,-88.134]],"c":true}]}],"ix":2},"nm":"Path 1","mn":"ADBE Vector Shape - Group","hd":false},{"ty":"fl","c":{"a":0,"k":[0.117647066303,0.556862745098,0.298039215686,1],"ix":4},"o":{"a":0,"k":100,"ix":5},"r":1,"bm":0,"nm":"Fill 1","mn":"ADBE Vector Graphic - Fill","hd":false},{"ty":"tr","p":{"a":0,"k":[118.542,95.366],"ix":2},"a":{"a":0,"k":[0,0],"ix":1},"s":{"a":0,"k":[100,100],"ix":3},"r":{"a":0,"k":0,"ix":6},"o":{"a":0,"k":100,"ix":7},"sk":{"a":0,"k":0,"ix":4},"sa":{"a":0,"k":0,"ix":5},"nm":"Transform"}],"nm":"Group 10","np":2,"cix":2,"bm":0,"ix":10,"mn":"ADBE Vector Group","hd":false},{"ty":"gr","it":[{"ind":0,"ty":"sh","ix":1,"ks":{"a":1,"k":[{"i":{"x":0.667,"y":1},"o":{"x":0.333,"y":0},"t":0,"s":[{"i":[[-12.52,-29.396],[0,0],[-3.139,0]],"o":[[0,0],[-17.939,-68.898],[56.948,5.424]],"v":[[43.453,42.486],[27.756,42.486],[-43.326,-42.486]],"c":true}]},{"i":{"x":0.667,"y":1},"o":{"x":0.333,"y":0},"t":15,"s":[{"i":[[-12.52,-29.396],[0,0],[-3.139,0]],"o":[[0,0],[-24.708,-63],[56.948,5.424]],"v":[[43.453,42.486],[27.756,42.486],[-46.326,-28.236]],"c":true}]},{"i":{"x":0.667,"y":1},"o":{"x":0.333,"y":0},"t":30,"s":[{"i":[[-12.52,-29.396],[0,0],[-3.139,0]],"o":[[0,0],[-17.939,-68.898],[56.948,5.424]],"v":[[43.453,42.486],[27.756,42.486],[-43.326,-42.486]],"c":true}]},{"i":{"x":0.667,"y":1},"o":{"x":0.333,"y":0},"t":45,"s":[{"i":[[-12.52,-29.396],[0,0],[-3.139,0]],"o":[[0,0],[-24.708,-63],[56.948,5.424]],"v":[[43.453,42.486],[27.756,42.486],[-46.326,-28.236]],"c":true}]},{"i":{"x":0.667,"y":1},"o":{"x":0.333,"y":0},"t":60,"s":[{"i":[[-12.52,-29.396],[0,0],[-3.139,0]],"o":[[0,0],[-17.939,-68.898],[56.948,5.424]],"v":[[43.453,42.486],[27.756,42.486],[-43.326,-42.486]],"c":true}]},{"i":{"x":0.667,"y":1},"o":{"x":0.333,"y":0},"t":75,"s":[{"i":[[-12.52,-29.396],[0,0],[-3.139,0]],"o":[[0,0],[-24.708,-63],[56.948,5.424]],"v":[[43.453,42.486],[27.756,42.486],[-46.326,-28.236]],"c":true}]},{"i":{"x":0.667,"y":1},"o":{"x":0.333,"y":0},"t":90,"s":[{"i":[[-12.52,-29.396],[0,0],[-3.139,0]],"o":[[0,0],[-17.939,-68.898],[56.948,5.424]],"v":[[43.453,42.486],[27.756,42.486],[-43.326,-42.486]],"c":true}]},{"i":{"x":0.667,"y":1},"o":{"x":0.333,"y":0},"t":105,"s":[{"i":[[-12.52,-29.396],[0,0],[-3.139,0]],"o":[[0,0],[-24.708,-63],[56.948,5.424]],"v":[[43.453,42.486],[27.756,42.486],[-46.326,-28.236]],"c":true}]},{"t":120,"s":[{"i":[[-12.52,-29.396],[0,0],[-3.139,0]],"o":[[0,0],[-17.939,-68.898],[56.948,5.424]],"v":[[43.453,42.486],[27.756,42.486],[-43.326,-42.486]],"c":true}]}],"ix":2},"nm":"Path 1","mn":"ADBE Vector Shape - Group","hd":false},{"ty":"fl","c":{"a":0,"k":[0.117647066303,0.556862745098,0.298039215686,1],"ix":4},"o":{"a":0,"k":100,"ix":5},"r":1,"bm":0,"nm":"Fill 1","mn":"ADBE Vector Graphic - Fill","hd":false},{"ty":"tr","p":{"a":0,"k":[43.453,141.014],"ix":2},"a":{"a":0,"k":[0,0],"ix":1},"s":{"a":0,"k":[100,100],"ix":3},"r":{"a":0,"k":0,"ix":6},"o":{"a":0,"k":100,"ix":7},"sk":{"a":0,"k":0,"ix":4},"sa":{"a":0,"k":0,"ix":5},"nm":"Transform"}],"nm":"Group 11","np":4,"cix":2,"bm":0,"ix":11,"mn":"ADBE Vector Group","hd":false},{"ty":"gr","it":[{"ind":0,"ty":"sh","ix":1,"ks":{"a":1,"k":[{"i":{"x":0.667,"y":1},"o":{"x":0.333,"y":0},"t":0,"s":[{"i":[[-20.188,-48.21],[0,0],[-5.062,0]],"o":[[0,0],[-28.926,-112.993],[28.203,2.892]],"v":[[50.44,74.123],[25.129,74.123],[-45.378,-74.123]],"c":true}]},{"i":{"x":0.667,"y":1},"o":{"x":0.333,"y":0},"t":15,"s":[{"i":[[-20.188,-48.21],[0,0],[-5.062,0]],"o":[[0,0],[-28.926,-112.993],[28.203,2.892]],"v":[[50.44,74.123],[25.129,74.123],[-37.628,-79.873]],"c":true}]},{"i":{"x":0.667,"y":1},"o":{"x":0.333,"y":0},"t":30,"s":[{"i":[[-20.188,-48.21],[0,0],[-5.062,0]],"o":[[0,0],[-28.926,-112.993],[28.203,2.892]],"v":[[50.44,74.123],[25.129,74.123],[-45.378,-74.123]],"c":true}]},{"i":{"x":0.667,"y":1},"o":{"x":0.333,"y":0},"t":45,"s":[{"i":[[-20.188,-48.21],[0,0],[-5.062,0]],"o":[[0,0],[-28.926,-112.993],[28.203,2.892]],"v":[[50.44,74.123],[25.129,74.123],[-37.628,-79.873]],"c":true}]},{"i":{"x":0.667,"y":1},"o":{"x":0.333,"y":0},"t":60,"s":[{"i":[[-20.188,-48.21],[0,0],[-5.062,0]],"o":[[0,0],[-28.926,-112.993],[28.203,2.892]],"v":[[50.44,74.123],[25.129,74.123],[-45.378,-74.123]],"c":true}]},{"i":{"x":0.667,"y":1},"o":{"x":0.333,"y":0},"t":75,"s":[{"i":[[-20.188,-48.21],[0,0],[-5.062,0]],"o":[[0,0],[-28.926,-112.993],[28.203,2.892]],"v":[[50.44,74.123],[25.129,74.123],[-37.628,-79.873]],"c":true}]},{"i":{"x":0.667,"y":1},"o":{"x":0.333,"y":0},"t":90,"s":[{"i":[[-20.188,-48.21],[0,0],[-5.062,0]],"o":[[0,0],[-28.926,-112.993],[28.203,2.892]],"v":[[50.44,74.123],[25.129,74.123],[-45.378,-74.123]],"c":true}]},{"i":{"x":0.667,"y":1},"o":{"x":0.333,"y":0},"t":105,"s":[{"i":[[-20.188,-48.21],[0,0],[-5.062,0]],"o":[[0,0],[-28.926,-112.993],[28.203,2.892]],"v":[[50.44,74.123],[25.129,74.123],[-37.628,-79.873]],"c":true}]},{"t":120,"s":[{"i":[[-20.188,-48.21],[0,0],[-5.062,0]],"o":[[0,0],[-28.926,-112.993],[28.203,2.892]],"v":[[50.44,74.123],[25.129,74.123],[-45.378,-74.123]],"c":true}]}],"ix":2},"nm":"Path 1","mn":"ADBE Vector Shape - Group","hd":false},{"ty":"fl","c":{"a":0,"k":[0.117647066303,0.556862745098,0.298039215686,1],"ix":4},"o":{"a":0,"k":100,"ix":5},"r":1,"bm":0,"nm":"Fill 1","mn":"ADBE Vector Graphic - Fill","hd":false},{"ty":"tr","p":{"a":0,"k":[65.432,108.473],"ix":2},"a":{"a":0,"k":[0,0],"ix":1},"s":{"a":0,"k":[100,100],"ix":3},"r":{"a":0,"k":0,"ix":6},"o":{"a":0,"k":100,"ix":7},"sk":{"a":0,"k":0,"ix":4},"sa":{"a":0,"k":0,"ix":5},"nm":"Transform"}],"nm":"Group 12","np":2,"cix":2,"bm":0,"ix":12,"mn":"ADBE Vector Group","hd":false}],"ip":0,"op":300,"st":0,"bm":0}],"markers":[]}